timestamp,equipment_id,fault_code,description,severity,action_taken,downtime_hours,technician
2024-01-01T19:20:00,CC-002,CC-F005,Tundish nozzle erosion,medium,Conducted hot repair of refractory,1.9,Tech-471
2024-01-03T12:16:00,BOF-001,BOF-F004,Slopping event,medium,Applied weld overlay repair,56.6,Tech-392
2024-01-03T13:28:00,BF-002,BF-F002,Cooling water leak,high,Realigned coupling assembly,43.0,Tech-398
2024-01-04T10:49:00,RM-001,RM-F001,Main motor bearing failure,critical,Adjusted operating parameters,46.1,Tech-368
2024-01-04T23:13:00,RM-001,RM-F007,Coolant nozzle blockage,low,Tightened connections and re-sealed,5.7,Tech-533
2024-01-06T03:49:00,BOF-001,BOF-F006,Hood duct damage,low,Recalibrated sensors,16.1,Tech-923
2024-01-08T06:19:00,LF-001,LF-F001,Electrode breakage,high,Cleaned and flushed system,55.4,Tech-882
2024-01-09T18:55:00,RM-003,RM-F003,Roll surface spalling,high,Replaced filter cartridge,56.1,Tech-150
2024-01-09T21:52:00,LF-002,LF-F005,Hydraulic roof lift failure,medium,Replaced cooling element,21.9,Tech-779
2024-01-10T09:36:00,RM-001,RM-F001,Main motor bearing failure,critical,Tightened connections and re-sealed,8.2,Tech-443
2024-01-10T10:00:00,RM-002,RM-F006,AGC calibration drift,low,Applied weld overlay repair,47.5,Tech-969
2024-01-10T14:57:00,CC-001,CC-F003,SEN clogging,high,Applied temporary fix; permanent repair scheduled,48.9,Tech-261
2024-01-15T17:26:00,RM-001,RM-F005,Motor insulation degradation,high,Performed emergency repair,16.6,Tech-961
2024-01-15T22:34:00,BOF-001,BOF-F003,Trunnion bearing overheating,high,Adjusted operating parameters,20.1,Tech-155
2024-01-17T07:13:00,RM-003,RM-F005,Motor insulation degradation,high,Performed emergency repair,7.7,Tech-134
2024-01-18T16:46:00,RM-003,RM-F001,Main motor bearing failure,critical,Applied temporary fix; permanent repair scheduled,38.8,Tech-393
2024-01-20T14:20:00,BF-002,BF-F002,Cooling water leak,high,Recalibrated sensors,11.3,Tech-807
2024-01-22T10:10:00,BF-002,BF-F004,Hearth erosion detected,critical,Applied weld overlay repair,68.3,Tech-571
2024-01-22T21:52:00,BF-002,BF-F002,Cooling water leak,high,Applied temporary fix; permanent repair scheduled,41.7,Tech-881
2024-01-25T21:12:00,BOF-002,BOF-F002,Lance tip erosion,high,Recalibrated sensors,24.0,Tech-985
2024-01-26T05:47:00,BOF-001,BOF-F004,Slopping event,medium,Replaced bearing assembly,56.4,Tech-521
2024-01-26T23:17:00,LF-002,LF-F001,Electrode breakage,high,Cleaned and flushed system,16.5,Tech-854
2024-01-27T19:59:00,CC-002,CC-F005,Tundish nozzle erosion,medium,Replaced filter cartridge,59.8,Tech-373
2024-01-28T17:12:00,BOF-002,BOF-F005,Tap hole blockage,medium,Realigned coupling assembly,47.0,Tech-658
2024-01-28T19:30:00,LF-001,LF-F003,Porous plug blockage,medium,Applied temporary fix; permanent repair scheduled,69.6,Tech-901
2024-01-29T03:56:00,CC-002,CC-F003,SEN clogging,high,Applied temporary fix; permanent repair scheduled,13.3,Tech-371
2024-01-29T10:59:00,RM-002,RM-F002,Gear coupling misalignment,high,Performed emergency repair,60.5,Tech-765
2024-01-30T20:38:00,CC-001,CC-F001,Breakout event,critical,Applied weld overlay repair,17.6,Tech-262
2024-02-07T14:05:00,RM-003,RM-F007,Coolant nozzle blockage,low,Replaced bearing assembly,18.5,Tech-218
2024-02-08T01:23:00,CC-001,CC-F004,Roll misalignment,medium,Applied temporary fix; permanent repair scheduled,6.0,Tech-984
2024-02-10T13:47:00,CC-001,CC-F001,Breakout event,critical,Replaced bearing assembly,43.7,Tech-126
2024-02-12T00:05:00,RM-002,RM-F007,Coolant nozzle blockage,low,Replaced damaged component,68.3,Tech-889
2024-02-12T09:23:00,RM-003,RM-F002,Gear coupling misalignment,high,Applied weld overlay repair,70.0,Tech-140
2024-02-12T11:34:00,BF-002,BF-F007,Dust catcher overflow,low,Recalibrated sensors,47.8,Tech-170
2024-02-12T23:28:00,RM-002,RM-F005,Motor insulation degradation,high,Replaced cooling element,16.1,Tech-535
2024-02-13T07:13:00,BF-002,BF-F005,Gas leak at top seal,medium,Realigned coupling assembly,64.0,Tech-586
2024-02-13T09:45:00,BOF-001,BOF-F003,Trunnion bearing overheating,high,Performed emergency repair,25.3,Tech-552
2024-02-14T23:29:00,RM-001,RM-F007,Coolant nozzle blockage,low,Replaced cooling element,9.4,Tech-487
2024-02-15T11:34:00,RM-002,RM-F002,Gear coupling misalignment,high,Replaced bearing assembly,58.7,Tech-279
2024-02-15T18:41:00,BOF-001,BOF-F006,Hood duct damage,low,Replaced filter cartridge,46.7,Tech-870
2024-02-17T15:23:00,BF-001,BF-F002,Cooling water leak,high,Recalibrated sensors,66.3,Tech-283
2024-02-19T00:26:00,BF-002,BF-F007,Dust catcher overflow,low,Adjusted operating parameters,60.7,Tech-336
2024-02-19T07:47:00,CC-001,CC-F005,Tundish nozzle erosion,medium,Replaced damaged component,29.3,Tech-339
2024-02-21T17:15:00,CC-002,CC-F004,Roll misalignment,medium,Performed emergency repair,33.1,Tech-920
2024-02-21T20:34:00,CC-002,CC-F001,Breakout event,critical,Replaced damaged component,69.8,Tech-871
2024-02-22T09:38:00,RM-003,RM-F007,Coolant nozzle blockage,low,Applied temporary fix; permanent repair scheduled,25.6,Tech-691
2024-02-23T04:10:00,LF-001,LF-F001,Electrode breakage,high,Applied weld overlay repair,44.7,Tech-790
2024-02-24T11:00:00,CC-001,CC-F005,Tundish nozzle erosion,medium,Conducted hot repair of refractory,10.3,Tech-934
2024-02-24T12:32:00,BF-001,BF-F004,Hearth erosion detected,critical,Replaced bearing assembly,17.4,Tech-183
2024-02-25T07:31:00,RM-003,RM-F003,Roll surface spalling,high,Recalibrated sensors,8.6,Tech-611
2024-02-25T21:41:00,RM-003,RM-F004,Hydraulic oil contamination,medium,Replaced filter cartridge,7.5,Tech-512
2024-02-26T14:08:00,CC-002,CC-F004,Roll misalignment,medium,Replaced cooling element,30.2,Tech-677
2024-02-27T04:32:00,CC-002,CC-F002,Mold sticking detected,high,Applied temporary fix; permanent repair scheduled,17.2,Tech-849
2024-02-27T09:22:00,RM-002,RM-F007,Coolant nozzle blockage,low,Replaced bearing assembly,31.3,Tech-350
2024-02-29T07:56:00,RM-001,RM-F002,Gear coupling misalignment,high,Tightened connections and re-sealed,68.2,Tech-187
2024-02-29T17:26:00,BOF-001,BOF-F004,Slopping event,medium,Recalibrated sensors,40.3,Tech-237
2024-03-02T19:47:00,LF-001,LF-F005,Hydraulic roof lift failure,medium,Performed emergency repair,68.3,Tech-312
2024-03-03T23:20:00,LF-001,LF-F005,Hydraulic roof lift failure,medium,Replaced damaged component,4.1,Tech-588
2024-03-04T07:08:00,BF-002,BF-F001,Tuyere burnout,critical,Cleaned and flushed system,59.4,Tech-481
2024-03-05T03:53:00,LF-001,LF-F004,Roof water leak,critical,Conducted hot repair of refractory,43.2,Tech-116
2024-03-05T18:06:00,BOF-002,BOF-F003,Trunnion bearing overheating,high,Applied weld overlay repair,62.8,Tech-291
2024-03-06T15:28:00,BF-002,BF-F006,Charging system malfunction,medium,Applied weld overlay repair,26.4,Tech-707
2024-03-06T17:03:00,RM-002,RM-F006,AGC calibration drift,low,Performed emergency repair,71.0,Tech-583
2024-03-07T17:34:00,LF-002,LF-F003,Porous plug blockage,medium,Applied temporary fix; permanent repair scheduled,64.2,Tech-971
2024-03-08T10:06:00,LF-002,LF-F003,Porous plug blockage,medium,Replaced cooling element,49.0,Tech-390
2024-03-10T00:16:00,BF-002,BF-F001,Tuyere burnout,critical,Cleaned and flushed system,3.3,Tech-161
2024-03-11T20:02:00,BOF-002,BOF-F006,Hood duct damage,low,Applied weld overlay repair,2.7,Tech-353
2024-03-13T16:56:00,LF-002,LF-F005,Hydraulic roof lift failure,medium,Replaced damaged component,71.1,Tech-424
2024-03-15T06:51:00,BF-001,BF-F007,Dust catcher overflow,low,Applied weld overlay repair,42.5,Tech-787
2024-03-17T21:59:00,RM-001,RM-F001,Main motor bearing failure,critical,Applied temporary fix; permanent repair scheduled,64.8,Tech-677
2024-03-18T05:49:00,LF-001,LF-F002,Ladle refractory failure,critical,Replaced filter cartridge,35.8,Tech-872
2024-03-20T09:54:00,BOF-001,BOF-F002,Lance tip erosion,high,Applied weld overlay repair,7.7,Tech-889
2024-03-20T18:23:00,RM-002,RM-F003,Roll surface spalling,high,Performed emergency repair,36.4,Tech-153
2024-03-23T04:09:00,RM-002,RM-F003,Roll surface spalling,high,Cleaned and flushed system,27.9,Tech-256
2024-03-23T10:54:00,LF-001,LF-F004,Roof water leak,critical,Replaced filter cartridge,61.9,Tech-489
2024-03-23T20:54:00,RM-001,RM-F006,AGC calibration drift,low,Replaced filter cartridge,54.8,Tech-195
2024-03-24T13:42:00,BF-001,BF-F005,Gas leak at top seal,medium,Tightened connections and re-sealed,40.9,Tech-423
2024-03-24T15:01:00,RM-001,RM-F007,Coolant nozzle blockage,low,Realigned coupling assembly,39.1,Tech-458
2024-03-25T23:27:00,RM-001,RM-F007,Coolant nozzle blockage,low,Performed emergency repair,31.3,Tech-942
2024-03-27T09:32:00,BOF-001,BOF-F006,Hood duct damage,low,Replaced filter cartridge,45.8,Tech-443
2024-03-27T21:08:00,LF-001,LF-F005,Hydraulic roof lift failure,medium,Replaced bearing assembly,8.9,Tech-412
2024-03-28T03:49:00,RM-002,RM-F006,AGC calibration drift,low,Cleaned and flushed system,47.5,Tech-463
2024-03-28T19:18:00,LF-002,LF-F004,Roof water leak,critical,Applied weld overlay repair,18.1,Tech-175
2024-03-29T02:19:00,CC-002,CC-F002,Mold sticking detected,high,Recalibrated sensors,72.0,Tech-836
2024-03-29T13:07:00,BF-001,BF-F002,Cooling water leak,high,Conducted hot repair of refractory,44.3,Tech-156
2024-03-30T18:27:00,BF-002,BF-F006,Charging system malfunction,medium,Replaced damaged component,2.6,Tech-323
2024-04-03T22:06:00,RM-003,RM-F006,AGC calibration drift,low,Replaced damaged component,15.8,Tech-179
2024-04-03T23:33:00,LF-002,LF-F001,Electrode breakage,high,Cleaned and flushed system,27.4,Tech-564
2024-04-04T10:07:00,CC-001,CC-F002,Mold sticking detected,high,Replaced damaged component,67.9,Tech-151
2024-04-04T12:06:00,RM-002,RM-F001,Main motor bearing failure,critical,Replaced bearing assembly,61.1,Tech-718
2024-04-05T20:42:00,LF-002,LF-F005,Hydraulic roof lift failure,medium,Recalibrated sensors,36.9,Tech-118
2024-04-09T07:56:00,CC-001,CC-F001,Breakout event,critical,Replaced cooling element,10.2,Tech-564
2024-04-09T20:41:00,BOF-001,BOF-F006,Hood duct damage,low,Replaced damaged component,22.6,Tech-551
2024-04-11T22:07:00,LF-001,LF-F004,Roof water leak,critical,Replaced filter cartridge,47.0,Tech-887
2024-04-12T14:06:00,RM-002,RM-F007,Coolant nozzle blockage,low,Replaced cooling element,65.6,Tech-115
2024-04-14T03:20:00,RM-003,RM-F001,Main motor bearing failure,critical,Replaced bearing assembly,63.5,Tech-240
2024-04-14T22:49:00,LF-002,LF-F002,Ladle refractory failure,critical,Applied temporary fix; permanent repair scheduled,61.3,Tech-714
2024-04-20T15:45:00,RM-003,RM-F004,Hydraulic oil contamination,medium,Conducted hot repair of refractory,5.8,Tech-182
2024-04-20T21:14:00,LF-002,LF-F003,Porous plug blockage,medium,Conducted hot repair of refractory,2.3,Tech-674
2024-04-21T07:12:00,RM-002,RM-F007,Coolant nozzle blockage,low,Cleaned and flushed system,38.8,Tech-243
2024-04-21T19:47:00,RM-001,RM-F002,Gear coupling misalignment,high,Tightened connections and re-sealed,17.6,Tech-151
2024-04-21T21:51:00,RM-002,RM-F006,AGC calibration drift,low,Adjusted operating parameters,67.0,Tech-858
2024-04-25T10:10:00,RM-001,RM-F002,Gear coupling misalignment,high,Realigned coupling assembly,33.3,Tech-363
2024-04-26T16:32:00,BF-002,BF-F005,Gas leak at top seal,medium,Cleaned and flushed system,65.3,Tech-457
2024-04-27T08:36:00,CC-002,CC-F003,SEN clogging,high,Cleaned and flushed system,58.2,Tech-965
2024-04-27T14:04:00,RM-002,RM-F007,Coolant nozzle blockage,low,Adjusted operating parameters,54.4,Tech-331
2024-04-29T21:13:00,CC-002,CC-F004,Roll misalignment,medium,Realigned coupling assembly,42.2,Tech-193
2024-04-30T07:13:00,BF-002,BF-F004,Hearth erosion detected,critical,Applied weld overlay repair,53.2,Tech-805
2024-04-30T08:49:00,CC-002,CC-F004,Roll misalignment,medium,Applied temporary fix; permanent repair scheduled,50.8,Tech-319
2024-04-30T20:53:00,BF-002,BF-F004,Hearth erosion detected,critical,Adjusted operating parameters,36.1,Tech-833
2024-04-30T23:48:00,BOF-002,BOF-F002,Lance tip erosion,high,Conducted hot repair of refractory,65.9,Tech-812
2024-05-01T04:06:00,RM-001,RM-F007,Coolant nozzle blockage,low,Recalibrated sensors,27.2,Tech-447
2024-05-03T13:44:00,RM-002,RM-F007,Coolant nozzle blockage,low,Adjusted operating parameters,34.7,Tech-334
2024-05-07T11:27:00,RM-002,RM-F003,Roll surface spalling,high,Recalibrated sensors,53.6,Tech-495
2024-05-07T23:57:00,LF-001,LF-F003,Porous plug blockage,medium,Applied temporary fix; permanent repair scheduled,36.8,Tech-782
2024-05-08T18:13:00,RM-002,RM-F002,Gear coupling misalignment,high,Performed emergency repair,59.8,Tech-667
2024-05-08T20:19:00,CC-002,CC-F003,SEN clogging,high,Tightened connections and re-sealed,38.6,Tech-614
2024-05-09T20:55:00,CC-002,CC-F003,SEN clogging,high,Applied weld overlay repair,35.6,Tech-993
2024-05-09T23:49:00,BOF-001,BOF-F003,Trunnion bearing overheating,high,Applied temporary fix; permanent repair scheduled,52.9,Tech-220
2024-05-10T23:14:00,RM-003,RM-F005,Motor insulation degradation,high,Replaced damaged component,54.6,Tech-405
2024-05-14T00:22:00,LF-002,LF-F001,Electrode breakage,high,Applied weld overlay repair,56.9,Tech-702
2024-05-15T20:19:00,RM-003,RM-F002,Gear coupling misalignment,high,Adjusted operating parameters,63.0,Tech-997
2024-05-15T23:59:00,BOF-002,BOF-F005,Tap hole blockage,medium,Tightened connections and re-sealed,41.7,Tech-348
2024-05-16T20:43:00,RM-003,RM-F007,Coolant nozzle blockage,low,Adjusted operating parameters,5.4,Tech-676
2024-05-16T20:55:00,LF-002,LF-F005,Hydraulic roof lift failure,medium,Replaced bearing assembly,9.0,Tech-650
2024-05-19T09:20:00,LF-002,LF-F005,Hydraulic roof lift failure,medium,Tightened connections and re-sealed,68.2,Tech-305
2024-05-20T00:35:00,CC-001,CC-F001,Breakout event,critical,Adjusted operating parameters,29.6,Tech-999
2024-05-20T22:21:00,BF-001,BF-F001,Tuyere burnout,critical,Applied weld overlay repair,34.4,Tech-567
2024-05-21T08:03:00,BOF-002,BOF-F005,Tap hole blockage,medium,Replaced filter cartridge,34.9,Tech-480
2024-05-21T16:13:00,BF-001,BF-F006,Charging system malfunction,medium,Replaced cooling element,23.7,Tech-778
2024-05-21T16:31:00,RM-002,RM-F002,Gear coupling misalignment,high,Performed emergency repair,54.5,Tech-981
2024-05-25T11:19:00,BF-002,BF-F001,Tuyere burnout,critical,Replaced bearing assembly,33.1,Tech-311
2024-05-26T18:42:00,BF-001,BF-F002,Cooling water leak,high,Recalibrated sensors,5.5,Tech-858
2024-05-27T06:38:00,CC-002,CC-F003,SEN clogging,high,Replaced cooling element,29.2,Tech-141
2024-05-28T04:34:00,BF-001,BF-F003,Burden hanging,high,Applied temporary fix; permanent repair scheduled,57.6,Tech-212
2024-05-28T12:12:00,CC-001,CC-F005,Tundish nozzle erosion,medium,Tightened connections and re-sealed,36.8,Tech-239
2024-05-29T04:02:00,RM-002,RM-F007,Coolant nozzle blockage,low,Applied temporary fix; permanent repair scheduled,66.1,Tech-583
2024-05-30T13:05:00,CC-001,CC-F005,Tundish nozzle erosion,medium,Cleaned and flushed system,58.9,Tech-457
2024-05-31T02:08:00,RM-002,RM-F005,Motor insulation degradation,high,Applied temporary fix; permanent repair scheduled,45.1,Tech-699
2024-05-31T02:45:00,BOF-002,BOF-F003,Trunnion bearing overheating,high,Cleaned and flushed system,69.7,Tech-505
2024-05-31T07:06:00,RM-002,RM-F006,AGC calibration drift,low,Adjusted operating parameters,18.8,Tech-277
2024-06-01T17:02:00,BF-002,BF-F006,Charging system malfunction,medium,Replaced bearing assembly,42.1,Tech-251
2024-06-02T10:05:00,RM-001,RM-F006,AGC calibration drift,low,Tightened connections and re-sealed,47.9,Tech-458
2024-06-02T17:46:00,RM-001,RM-F002,Gear coupling misalignment,high,Tightened connections and re-sealed,38.2,Tech-213
2024-06-03T00:13:00,BF-002,BF-F006,Charging system malfunction,medium,Replaced cooling element,33.1,Tech-161
2024-06-03T11:01:00,LF-001,LF-F005,Hydraulic roof lift failure,medium,Conducted hot repair of refractory,8.0,Tech-525
2024-06-04T04:51:00,LF-001,LF-F001,Electrode breakage,high,Tightened connections and re-sealed,68.4,Tech-187
2024-06-04T15:02:00,RM-003,RM-F006,AGC calibration drift,low,Adjusted operating parameters,36.4,Tech-704
2024-06-05T07:08:00,BOF-002,BOF-F001,Refractory hot spot,critical,Conducted hot repair of refractory,48.4,Tech-677
2024-06-05T08:05:00,RM-003,RM-F001,Main motor bearing failure,critical,Applied temporary fix; permanent repair scheduled,6.2,Tech-308
2024-06-05T09:10:00,BF-002,BF-F005,Gas leak at top seal,medium,Adjusted operating parameters,23.6,Tech-826
2024-06-05T21:59:00,RM-001,RM-F003,Roll surface spalling,high,Conducted hot repair of refractory,5.3,Tech-951
2024-06-06T05:42:00,LF-002,LF-F002,Ladle refractory failure,critical,Tightened connections and re-sealed,52.0,Tech-719
2024-06-06T12:45:00,BF-002,BF-F003,Burden hanging,high,Applied weld overlay repair,45.8,Tech-857
2024-06-06T22:27:00,RM-001,RM-F006,AGC calibration drift,low,Applied weld overlay repair,27.5,Tech-559
2024-06-07T02:30:00,BOF-001,BOF-F004,Slopping event,medium,Applied weld overlay repair,69.8,Tech-446
2024-06-07T07:55:00,RM-003,RM-F005,Motor insulation degradation,high,Adjusted operating parameters,70.3,Tech-930
2024-06-07T21:30:00,CC-002,CC-F002,Mold sticking detected,high,Cleaned and flushed system,61.1,Tech-458
2024-06-08T03:10:00,LF-001,LF-F001,Electrode breakage,high,Conducted hot repair of refractory,33.8,Tech-516
2024-06-10T01:32:00,CC-002,CC-F005,Tundish nozzle erosion,medium,Performed emergency repair,61.4,Tech-170
2024-06-10T21:19:00,BF-002,BF-F001,Tuyere burnout,critical,Realigned coupling assembly,50.3,Tech-141
2024-06-12T21:27:00,BF-002,BF-F002,Cooling water leak,high,Tightened connections and re-sealed,5.0,Tech-490
2024-06-13T10:26:00,LF-002,LF-F001,Electrode breakage,high,Realigned coupling assembly,35.9,Tech-778
2024-06-16T09:06:00,BF-002,BF-F007,Dust catcher overflow,low,Tightened connections and re-sealed,2.3,Tech-419
2024-06-17T14:22:00,BF-001,BF-F005,Gas leak at top seal,medium,Realigned coupling assembly,15.7,Tech-866
2024-06-19T15:18:00,LF-002,LF-F002,Ladle refractory failure,critical,Adjusted operating parameters,13.9,Tech-962
2024-06-20T02:36:00,CC-001,CC-F004,Roll misalignment,medium,Replaced damaged component,57.4,Tech-325
2024-06-21T23:50:00,CC-001,CC-F004,Roll misalignment,medium,Replaced bearing assembly,12.6,Tech-837
2024-06-24T17:46:00,LF-002,LF-F001,Electrode breakage,high,Cleaned and flushed system,12.2,Tech-488
2024-06-27T08:03:00,RM-002,RM-F001,Main motor bearing failure,critical,Adjusted operating parameters,53.5,Tech-638
2024-06-27T11:32:00,BOF-001,BOF-F006,Hood duct damage,low,Cleaned and flushed system,9.2,Tech-305
2024-06-27T17:10:00,BOF-002,BOF-F005,Tap hole blockage,medium,Replaced bearing assembly,40.5,Tech-573
2024-06-27T19:36:00,LF-002,LF-F004,Roof water leak,critical,Applied temporary fix; permanent repair scheduled,29.5,Tech-953
2024-06-28T03:00:00,RM-001,RM-F006,AGC calibration drift,low,Realigned coupling assembly,10.3,Tech-111
2024-06-29T01:53:00,BOF-001,BOF-F004,Slopping event,medium,Recalibrated sensors,56.8,Tech-290
2024-06-30T12:20:00,CC-001,CC-F003,SEN clogging,high,Applied temporary fix; permanent repair scheduled,53.0,Tech-748
2024-07-02T10:01:00,LF-002,LF-F001,Electrode breakage,high,Cleaned and flushed system,42.5,Tech-870
2024-07-03T05:11:00,CC-002,CC-F004,Roll misalignment,medium,Performed emergency repair,44.1,Tech-491
2024-07-03T06:21:00,RM-002,RM-F003,Roll surface spalling,high,Applied weld overlay repair,35.3,Tech-331
2024-07-05T04:27:00,CC-002,CC-F006,Spray nozzle blockage,low,Replaced cooling element,65.6,Tech-156
2024-07-07T05:40:00,BOF-002,BOF-F004,Slopping event,medium,Replaced filter cartridge,31.4,Tech-129
2024-07-07T17:41:00,CC-002,CC-F004,Roll misalignment,medium,Replaced damaged component,38.0,Tech-959
2024-07-08T06:13:00,BF-002,BF-F006,Charging system malfunction,medium,Realigned coupling assembly,35.1,Tech-841
2024-07-11T10:38:00,BF-001,BF-F004,Hearth erosion detected,critical,Conducted hot repair of refractory,36.3,Tech-163
2024-07-12T22:15:00,CC-001,CC-F003,SEN clogging,high,Tightened connections and re-sealed,27.9,Tech-976
2024-07-12T23:48:00,BOF-001,BOF-F003,Trunnion bearing overheating,high,Performed emergency repair,2.8,Tech-776
2024-07-13T03:06:00,CC-001,CC-F004,Roll misalignment,medium,Replaced filter cartridge,31.3,Tech-533
2024-07-14T01:17:00,RM-002,RM-F001,Main motor bearing failure,critical,Recalibrated sensors,48.7,Tech-717
2024-07-18T22:44:00,LF-002,LF-F005,Hydraulic roof lift failure,medium,Recalibrated sensors,35.8,Tech-349
2024-07-19T14:06:00,LF-002,LF-F004,Roof water leak,critical,Adjusted operating parameters,22.3,Tech-505
2024-07-20T11:27:00,BF-001,BF-F005,Gas leak at top seal,medium,Performed emergency repair,68.3,Tech-438
2024-07-20T14:07:00,RM-002,RM-F003,Roll surface spalling,high,Applied temporary fix; permanent repair scheduled,48.5,Tech-601
2024-07-23T09:20:00,CC-001,CC-F004,Roll misalignment,medium,Applied temporary fix; permanent repair scheduled,46.7,Tech-887
2024-07-23T18:34:00,RM-002,RM-F001,Main motor bearing failure,critical,Adjusted operating parameters,49.2,Tech-663
2024-07-24T04:50:00,RM-003,RM-F002,Gear coupling misalignment,high,Replaced cooling element,63.2,Tech-474
2024-07-29T16:15:00,RM-001,RM-F001,Main motor bearing failure,critical,Recalibrated sensors,35.7,Tech-161
2024-08-03T18:26:00,LF-001,LF-F003,Porous plug blockage,medium,Tightened connections and re-sealed,46.2,Tech-609
2024-08-03T22:21:00,RM-001,RM-F003,Roll surface spalling,high,Cleaned and flushed system,49.7,Tech-973
2024-08-05T20:40:00,CC-001,CC-F001,Breakout event,critical,Tightened connections and re-sealed,69.9,Tech-151
2024-08-06T16:16:00,BF-002,BF-F001,Tuyere burnout,critical,Adjusted operating parameters,67.2,Tech-170
2024-08-08T13:28:00,CC-002,CC-F006,Spray nozzle blockage,low,Cleaned and flushed system,30.1,Tech-947
2024-08-08T18:22:00,CC-001,CC-F002,Mold sticking detected,high,Replaced damaged component,4.1,Tech-606
2024-08-09T07:21:00,BOF-002,BOF-F005,Tap hole blockage,medium,Applied weld overlay repair,11.1,Tech-710
2024-08-11T07:43:00,CC-001,CC-F005,Tundish nozzle erosion,medium,Applied weld overlay repair,43.1,Tech-906
2024-08-12T21:20:00,RM-001,RM-F006,AGC calibration drift,low,Applied weld overlay repair,56.0,Tech-334
2024-08-13T00:04:00,BOF-002,BOF-F005,Tap hole blockage,medium,Realigned coupling assembly,45.6,Tech-334
2024-08-13T15:14:00,RM-003,RM-F005,Motor insulation degradation,high,Applied temporary fix; permanent repair scheduled,31.7,Tech-129
2024-08-14T12:44:00,BF-002,BF-F003,Burden hanging,high,Cleaned and flushed system,22.4,Tech-695
2024-08-14T14:23:00,CC-002,CC-F005,Tundish nozzle erosion,medium,Recalibrated sensors,33.6,Tech-795
2024-08-14T20:04:00,RM-002,RM-F005,Motor insulation degradation,high,Replaced filter cartridge,59.4,Tech-817
2024-08-14T23:09:00,BF-001,BF-F005,Gas leak at top seal,medium,Replaced damaged component,19.1,Tech-698
2024-08-18T09:49:00,CC-002,CC-F003,SEN clogging,high,Applied temporary fix; permanent repair scheduled,50.9,Tech-806
2024-08-18T20:09:00,RM-003,RM-F001,Main motor bearing failure,critical,Applied temporary fix; permanent repair scheduled,59.6,Tech-173
2024-08-19T16:43:00,BOF-001,BOF-F005,Tap hole blockage,medium,Conducted hot repair of refractory,1.2,Tech-812
2024-08-19T20:14:00,LF-002,LF-F005,Hydraulic roof lift failure,medium,Replaced damaged component,7.7,Tech-438
2024-08-20T23:05:00,LF-002,LF-F003,Porous plug blockage,medium,Recalibrated sensors,70.5,Tech-878
2024-08-21T09:05:00,BF-002,BF-F001,Tuyere burnout,critical,Cleaned and flushed system,62.5,Tech-489
2024-08-21T23:03:00,LF-001,LF-F005,Hydraulic roof lift failure,medium,Tightened connections and re-sealed,34.9,Tech-636
2024-08-21T23:32:00,LF-002,LF-F001,Electrode breakage,high,Replaced damaged component,3.6,Tech-983
2024-08-25T17:47:00,BF-002,BF-F006,Charging system malfunction,medium,Realigned coupling assembly,61.3,Tech-138
2024-08-28T12:07:00,LF-001,LF-F001,Electrode breakage,high,Tightened connections and re-sealed,18.1,Tech-708
2024-08-28T21:19:00,BF-002,BF-F007,Dust catcher overflow,low,Cleaned and flushed system,58.2,Tech-250
2024-09-03T23:42:00,BF-002,BF-F003,Burden hanging,high,Replaced filter cartridge,7.9,Tech-695
2024-09-04T14:07:00,BF-002,BF-F003,Burden hanging,high,Applied temporary fix; permanent repair scheduled,32.6,Tech-244
2024-09-04T22:09:00,LF-002,LF-F005,Hydraulic roof lift failure,medium,Applied temporary fix; permanent repair scheduled,31.2,Tech-729
2024-09-05T10:24:00,CC-001,CC-F005,Tundish nozzle erosion,medium,Applied temporary fix; permanent repair scheduled,58.9,Tech-502
2024-09-05T18:33:00,BF-002,BF-F006,Charging system malfunction,medium,Adjusted operating parameters,49.5,Tech-273
2024-09-07T15:39:00,BF-001,BF-F001,Tuyere burnout,critical,Applied weld overlay repair,5.7,Tech-524
2024-09-08T04:00:00,CC-001,CC-F002,Mold sticking detected,high,Recalibrated sensors,2.2,Tech-654
2024-09-10T07:04:00,CC-001,CC-F001,Breakout event,critical,Replaced bearing assembly,2.0,Tech-667
2024-09-10T09:55:00,BF-002,BF-F006,Charging system malfunction,medium,Replaced damaged component,32.7,Tech-456
2024-09-10T20:17:00,CC-001,CC-F003,SEN clogging,high,Applied weld overlay repair,56.1,Tech-596
2024-09-11T17:38:00,LF-002,LF-F001,Electrode breakage,high,Tightened connections and re-sealed,52.1,Tech-391
2024-09-12T03:29:00,CC-001,CC-F005,Tundish nozzle erosion,medium,Performed emergency repair,58.0,Tech-243
2024-09-12T21:06:00,RM-002,RM-F002,Gear coupling misalignment,high,Replaced bearing assembly,56.3,Tech-995
2024-09-13T21:48:00,BOF-002,BOF-F005,Tap hole blockage,medium,Realigned coupling assembly,55.4,Tech-797
2024-09-18T06:21:00,RM-003,RM-F002,Gear coupling misalignment,high,Replaced filter cartridge,6.2,Tech-560
2024-09-19T11:10:00,BOF-002,BOF-F004,Slopping event,medium,Tightened connections and re-sealed,43.9,Tech-865
2024-09-21T10:17:00,RM-002,RM-F007,Coolant nozzle blockage,low,Tightened connections and re-sealed,50.6,Tech-382
2024-09-22T02:01:00,LF-002,LF-F001,Electrode breakage,high,Performed emergency repair,14.6,Tech-761
2024-09-26T16:48:00,CC-001,CC-F001,Breakout event,critical,Adjusted operating parameters,36.8,Tech-208
2024-09-26T23:37:00,BOF-001,BOF-F002,Lance tip erosion,high,Recalibrated sensors,64.7,Tech-508
2024-09-27T03:56:00,BF-002,BF-F002,Cooling water leak,high,Performed emergency repair,53.6,Tech-259
2024-09-27T19:30:00,CC-002,CC-F003,SEN clogging,high,Cleaned and flushed system,68.9,Tech-385
2024-09-27T20:37:00,LF-002,LF-F002,Ladle refractory failure,critical,Replaced filter cartridge,58.0,Tech-302
2024-09-27T21:05:00,LF-002,LF-F002,Ladle refractory failure,critical,Adjusted operating parameters,17.7,Tech-665
2024-09-30T05:50:00,LF-002,LF-F002,Ladle refractory failure,critical,Realigned coupling assembly,8.2,Tech-993
2024-09-30T10:19:00,BOF-002,BOF-F004,Slopping event,medium,Tightened connections and re-sealed,52.2,Tech-111
2024-09-30T16:57:00,RM-001,RM-F003,Roll surface spalling,high,Replaced filter cartridge,58.8,Tech-238
2024-09-30T17:08:00,BF-001,BF-F002,Cooling water leak,high,Applied temporary fix; permanent repair scheduled,31.8,Tech-815
2024-09-30T20:21:00,LF-002,LF-F005,Hydraulic roof lift failure,medium,Performed emergency repair,21.5,Tech-261
2024-10-01T10:53:00,BOF-002,BOF-F004,Slopping event,medium,Applied temporary fix; permanent repair scheduled,24.6,Tech-691
2024-10-03T03:08:00,RM-002,RM-F007,Coolant nozzle blockage,low,Performed emergency repair,13.9,Tech-559
2024-10-06T05:16:00,CC-002,CC-F005,Tundish nozzle erosion,medium,Conducted hot repair of refractory,69.7,Tech-402
2024-10-06T13:53:00,RM-001,RM-F005,Motor insulation degradation,high,Conducted hot repair of refractory,70.6,Tech-349
2024-10-06T22:48:00,BF-001,BF-F002,Cooling water leak,high,Applied temporary fix; permanent repair scheduled,66.4,Tech-459
2024-10-08T07:34:00,RM-001,RM-F001,Main motor bearing failure,critical,Applied temporary fix; permanent repair scheduled,12.5,Tech-568
2024-10-08T14:04:00,LF-002,LF-F002,Ladle refractory failure,critical,Realigned coupling assembly,20.9,Tech-378
2024-10-08T18:03:00,RM-001,RM-F007,Coolant nozzle blockage,low,Replaced bearing assembly,36.8,Tech-417
2024-10-10T20:08:00,RM-003,RM-F001,Main motor bearing failure,critical,Realigned coupling assembly,62.4,Tech-355
2024-10-12T07:07:00,RM-002,RM-F006,AGC calibration drift,low,Replaced damaged component,53.1,Tech-611
2024-10-12T11:41:00,BF-002,BF-F007,Dust catcher overflow,low,Replaced cooling element,29.1,Tech-963
2024-10-12T14:15:00,RM-003,RM-F002,Gear coupling misalignment,high,Performed emergency repair,32.2,Tech-982
2024-10-12T14:15:00,BOF-002,BOF-F001,Refractory hot spot,critical,Applied weld overlay repair,33.7,Tech-724
2024-10-13T02:02:00,BOF-001,BOF-F006,Hood duct damage,low,Cleaned and flushed system,64.7,Tech-632
2024-10-16T03:53:00,LF-001,LF-F005,Hydraulic roof lift failure,medium,Cleaned and flushed system,21.7,Tech-469
2024-10-18T05:28:00,BOF-002,BOF-F003,Trunnion bearing overheating,high,Replaced cooling element,50.8,Tech-726
2024-10-18T15:30:00,BF-001,BF-F005,Gas leak at top seal,medium,Conducted hot repair of refractory,24.9,Tech-152
2024-10-18T23:50:00,CC-001,CC-F005,Tundish nozzle erosion,medium,Conducted hot repair of refractory,17.2,Tech-344
2024-10-19T11:55:00,LF-002,LF-F002,Ladle refractory failure,critical,Applied weld overlay repair,3.9,Tech-771
2024-10-19T17:00:00,LF-001,LF-F004,Roof water leak,critical,Performed emergency repair,31.3,Tech-370
2024-10-20T06:27:00,BF-001,BF-F003,Burden hanging,high,Applied weld overlay repair,42.0,Tech-770
2024-10-20T07:38:00,LF-001,LF-F004,Roof water leak,critical,Applied weld overlay repair,25.7,Tech-751
2024-10-20T20:45:00,RM-003,RM-F005,Motor insulation degradation,high,Replaced cooling element,55.3,Tech-533
2024-10-22T02:24:00,BOF-002,BOF-F003,Trunnion bearing overheating,high,Replaced cooling element,32.7,Tech-663
2024-10-22T22:18:00,BF-001,BF-F002,Cooling water leak,high,Realigned coupling assembly,62.0,Tech-172
2024-10-23T20:19:00,LF-002,LF-F005,Hydraulic roof lift failure,medium,Conducted hot repair of refractory,18.0,Tech-926
2024-10-24T12:55:00,BF-002,BF-F001,Tuyere burnout,critical,Tightened connections and re-sealed,30.4,Tech-986
2024-10-25T08:54:00,BOF-001,BOF-F002,Lance tip erosion,high,Replaced bearing assembly,66.7,Tech-502
2024-10-27T06:02:00,CC-001,CC-F001,Breakout event,critical,Applied weld overlay repair,14.8,Tech-142
2024-10-27T10:06:00,BOF-001,BOF-F005,Tap hole blockage,medium,Performed emergency repair,23.9,Tech-402
2024-10-27T20:39:00,BF-002,BF-F005,Gas leak at top seal,medium,Replaced bearing assembly,41.8,Tech-821
2024-10-29T04:12:00,LF-001,LF-F004,Roof water leak,critical,Replaced bearing assembly,16.9,Tech-683
2024-10-29T11:39:00,BF-002,BF-F006,Charging system malfunction,medium,Cleaned and flushed system,16.2,Tech-236
2024-10-29T22:18:00,LF-001,LF-F003,Porous plug blockage,medium,Replaced damaged component,70.4,Tech-774
2024-10-31T14:04:00,LF-002,LF-F004,Roof water leak,critical,Realigned coupling assembly,4.8,Tech-550
2024-11-01T18:37:00,BF-001,BF-F003,Burden hanging,high,Replaced filter cartridge,35.5,Tech-252
2024-11-02T05:36:00,RM-003,RM-F001,Main motor bearing failure,critical,Cleaned and flushed system,41.0,Tech-969
2024-11-02T08:52:00,CC-002,CC-F001,Breakout event,critical,Adjusted operating parameters,2.7,Tech-514
2024-11-02T15:50:00,RM-001,RM-F004,Hydraulic oil contamination,medium,Performed emergency repair,26.3,Tech-352
2024-11-03T01:51:00,RM-002,RM-F001,Main motor bearing failure,critical,Realigned coupling assembly,8.7,Tech-969
2024-11-03T08:03:00,BOF-002,BOF-F004,Slopping event,medium,Replaced cooling element,68.3,Tech-852
2024-11-04T03:03:00,RM-001,RM-F002,Gear coupling misalignment,high,Cleaned and flushed system,30.5,Tech-912
2024-11-04T06:33:00,BF-001,BF-F007,Dust catcher overflow,low,Tightened connections and re-sealed,36.9,Tech-865
2024-11-04T08:31:00,BOF-001,BOF-F003,Trunnion bearing overheating,high,Adjusted operating parameters,5.0,Tech-545
2024-11-04T14:41:00,LF-002,LF-F005,Hydraulic roof lift failure,medium,Replaced damaged component,4.8,Tech-590
2024-11-05T06:24:00,RM-001,RM-F004,Hydraulic oil contamination,medium,Conducted hot repair of refractory,8.1,Tech-490
2024-11-07T22:25:00,BF-002,BF-F004,Hearth erosion detected,critical,Applied temporary fix; permanent repair scheduled,36.3,Tech-605
2024-11-07T23:39:00,BOF-002,BOF-F003,Trunnion bearing overheating,high,Cleaned and flushed system,33.7,Tech-705
2024-11-09T08:14:00,CC-001,CC-F003,SEN clogging,high,Performed emergency repair,52.1,Tech-423
2024-11-10T19:47:00,BF-001,BF-F002,Cooling water leak,high,Tightened connections and re-sealed,66.4,Tech-549
2024-11-11T15:01:00,CC-001,CC-F004,Roll misalignment,medium,Performed emergency repair,68.1,Tech-617
2024-11-13T22:27:00,LF-002,LF-F001,Electrode breakage,high,Realigned coupling assembly,68.7,Tech-344
2024-11-13T23:21:00,BF-002,BF-F004,Hearth erosion detected,critical,Cleaned and flushed system,24.3,Tech-272
2024-11-14T10:05:00,RM-001,RM-F007,Coolant nozzle blockage,low,Replaced cooling element,33.2,Tech-477
2024-11-15T12:42:00,BOF-002,BOF-F006,Hood duct damage,low,Replaced filter cartridge,27.2,Tech-629
2024-11-16T06:48:00,BOF-001,BOF-F003,Trunnion bearing overheating,high,Adjusted operating parameters,36.1,Tech-627
2024-11-16T19:24:00,CC-002,CC-F006,Spray nozzle blockage,low,Tightened connections and re-sealed,28.6,Tech-216
2024-11-17T07:16:00,RM-001,RM-F002,Gear coupling misalignment,high,Recalibrated sensors,9.9,Tech-760
2024-11-19T02:00:00,RM-001,RM-F004,Hydraulic oil contamination,medium,Conducted hot repair of refractory,44.9,Tech-676
2024-11-19T04:28:00,RM-002,RM-F007,Coolant nozzle blockage,low,Performed emergency repair,34.0,Tech-746
2024-11-19T12:17:00,BF-001,BF-F007,Dust catcher overflow,low,Performed emergency repair,15.6,Tech-680
2024-11-21T23:30:00,RM-003,RM-F001,Main motor bearing failure,critical,Realigned coupling assembly,65.8,Tech-490
2024-11-24T07:19:00,LF-001,LF-F003,Porous plug blockage,medium,Adjusted operating parameters,71.0,Tech-633
2024-11-25T07:48:00,BOF-001,BOF-F006,Hood duct damage,low,Replaced filter cartridge,28.6,Tech-245
2024-11-28T12:00:00,BF-002,BF-F005,Gas leak at top seal,medium,Applied temporary fix; permanent repair scheduled,30.1,Tech-897
2024-11-28T12:38:00,CC-002,CC-F006,Spray nozzle blockage,low,Replaced cooling element,21.6,Tech-617
2024-11-30T12:37:00,BOF-001,BOF-F005,Tap hole blockage,medium,Replaced filter cartridge,55.1,Tech-765
2024-12-01T03:00:00,RM-001,RM-F003,Roll surface spalling,high,Conducted hot repair of refractory,53.9,Tech-279
2024-12-01T18:00:00,CC-001,CC-F004,Roll misalignment,medium,Applied weld overlay repair,61.1,Tech-195
2024-12-02T04:42:00,CC-002,CC-F004,Roll misalignment,medium,Realigned coupling assembly,59.8,Tech-856
2024-12-03T21:07:00,CC-002,CC-F001,Breakout event,critical,Recalibrated sensors,25.8,Tech-781
2024-12-04T02:32:00,BF-002,BF-F001,Tuyere burnout,critical,Cleaned and flushed system,20.4,Tech-597
2024-12-05T12:48:00,RM-003,RM-F006,AGC calibration drift,low,Realigned coupling assembly,10.5,Tech-805
2024-12-10T00:31:00,LF-002,LF-F004,Roof water leak,critical,Replaced bearing assembly,13.5,Tech-317
2024-12-10T16:53:00,LF-001,LF-F003,Porous plug blockage,medium,Replaced cooling element,38.6,Tech-825
2024-12-11T08:48:00,BOF-002,BOF-F004,Slopping event,medium,Conducted hot repair of refractory,69.6,Tech-757
2024-12-11T09:36:00,BOF-001,BOF-F001,Refractory hot spot,critical,Replaced filter cartridge,54.6,Tech-279
2024-12-11T12:17:00,CC-001,CC-F003,SEN clogging,high,Applied weld overlay repair,68.5,Tech-531
2024-12-15T00:54:00,CC-002,CC-F006,Spray nozzle blockage,low,Recalibrated sensors,59.3,Tech-208
2024-12-17T22:05:00,CC-001,CC-F001,Breakout event,critical,Replaced cooling element,46.7,Tech-140
2024-12-19T12:08:00,RM-002,RM-F006,AGC calibration drift,low,Applied weld overlay repair,27.0,Tech-675
2024-12-19T18:19:00,BF-002,BF-F004,Hearth erosion detected,critical,Replaced filter cartridge,69.3,Tech-806
2024-12-20T01:06:00,BF-002,BF-F005,Gas leak at top seal,medium,Recalibrated sensors,17.1,Tech-177
2024-12-21T16:33:00,BOF-001,BOF-F004,Slopping event,medium,Applied weld overlay repair,59.3,Tech-365
2024-12-22T15:06:00,CC-002,CC-F004,Roll misalignment,medium,Conducted hot repair of refractory,52.1,Tech-563
2024-12-25T13:20:00,LF-001,LF-F004,Roof water leak,critical,Applied weld overlay repair,10.5,Tech-383
2024-12-25T17:17:00,BOF-002,BOF-F001,Refractory hot spot,critical,Tightened connections and re-sealed,39.0,Tech-431
2024-12-30T17:24:00,CC-001,CC-F002,Mold sticking detected,high,Recalibrated sensors,13.8,Tech-699
2025-01-01T02:50:00,CC-001,CC-F006,Spray nozzle blockage,low,Replaced cooling element,28.9,Tech-539
2025-01-01T06:28:00,BF-002,BF-F005,Gas leak at top seal,medium,Applied temporary fix; permanent repair scheduled,33.6,Tech-972
2025-01-02T01:25:00,RM-002,RM-F005,Motor insulation degradation,high,Applied temporary fix; permanent repair scheduled,14.1,Tech-225
2025-01-02T09:16:00,CC-001,CC-F005,Tundish nozzle erosion,medium,Replaced bearing assembly,37.2,Tech-609
2025-01-03T22:15:00,RM-001,RM-F006,AGC calibration drift,low,Replaced damaged component,48.2,Tech-576
2025-01-04T03:05:00,RM-003,RM-F003,Roll surface spalling,high,Replaced damaged component,67.9,Tech-555
2025-01-04T08:05:00,RM-001,RM-F001,Main motor bearing failure,critical,Replaced bearing assembly,48.0,Tech-764
2025-01-05T19:48:00,BOF-002,BOF-F005,Tap hole blockage,medium,Conducted hot repair of refractory,45.2,Tech-878
2025-01-07T16:51:00,LF-002,LF-F004,Roof water leak,critical,Realigned coupling assembly,49.1,Tech-131
2025-01-08T05:23:00,RM-001,RM-F004,Hydraulic oil contamination,medium,Replaced bearing assembly,15.5,Tech-373
2025-01-08T23:08:00,BF-001,BF-F005,Gas leak at top seal,medium,Performed emergency repair,65.5,Tech-434
2025-01-09T02:50:00,LF-002,LF-F004,Roof water leak,critical,Recalibrated sensors,1.5,Tech-649
2025-01-11T05:16:00,LF-001,LF-F002,Ladle refractory failure,critical,Applied weld overlay repair,7.9,Tech-687
2025-01-12T21:47:00,BF-002,BF-F004,Hearth erosion detected,critical,Replaced filter cartridge,19.2,Tech-490
2025-01-13T09:46:00,RM-002,RM-F002,Gear coupling misalignment,high,Replaced bearing assembly,56.0,Tech-681
2025-01-16T14:47:00,RM-003,RM-F006,AGC calibration drift,low,Performed emergency repair,42.0,Tech-617
2025-01-17T22:09:00,BF-002,BF-F002,Cooling water leak,high,Replaced cooling element,28.3,Tech-710
2025-01-18T12:28:00,LF-002,LF-F004,Roof water leak,critical,Recalibrated sensors,27.4,Tech-799
2025-01-20T04:10:00,BOF-001,BOF-F005,Tap hole blockage,medium,Adjusted operating parameters,59.9,Tech-889
2025-01-20T10:11:00,CC-001,CC-F005,Tundish nozzle erosion,medium,Conducted hot repair of refractory,65.7,Tech-450
2025-01-21T17:30:00,RM-003,RM-F004,Hydraulic oil contamination,medium,Replaced damaged component,46.0,Tech-819
2025-01-23T12:52:00,BF-002,BF-F005,Gas leak at top seal,medium,Replaced bearing assembly,68.8,Tech-923
2025-01-24T04:52:00,LF-002,LF-F005,Hydraulic roof lift failure,medium,Replaced filter cartridge,17.8,Tech-686
2025-01-24T10:28:00,RM-002,RM-F007,Coolant nozzle blockage,low,Replaced bearing assembly,31.3,Tech-943
2025-01-26T16:33:00,CC-001,CC-F003,SEN clogging,high,Recalibrated sensors,69.6,Tech-936
2025-01-27T13:11:00,BOF-001,BOF-F005,Tap hole blockage,medium,Conducted hot repair of refractory,45.9,Tech-810
2025-01-27T18:02:00,RM-002,RM-F003,Roll surface spalling,high,Tightened connections and re-sealed,11.5,Tech-560
2025-01-29T18:12:00,CC-002,CC-F001,Breakout event,critical,Applied temporary fix; permanent repair scheduled,3.7,Tech-546
2025-01-31T11:16:00,BF-001,BF-F006,Charging system malfunction,medium,Realigned coupling assembly,1.7,Tech-907
2025-01-31T13:49:00,RM-002,RM-F003,Roll surface spalling,high,Replaced bearing assembly,49.0,Tech-153
2025-02-02T18:44:00,BOF-002,BOF-F004,Slopping event,medium,Replaced damaged component,61.8,Tech-883
2025-02-05T04:38:00,RM-001,RM-F006,AGC calibration drift,low,Realigned coupling assembly,67.6,Tech-417
2025-02-07T02:37:00,BOF-001,BOF-F006,Hood duct damage,low,Tightened connections and re-sealed,5.0,Tech-778
2025-02-07T18:36:00,CC-002,CC-F001,Breakout event,critical,Replaced filter cartridge,2.4,Tech-758
2025-02-09T20:19:00,BOF-001,BOF-F001,Refractory hot spot,critical,Realigned coupling assembly,50.5,Tech-339
2025-02-10T07:35:00,LF-001,LF-F002,Ladle refractory failure,critical,Replaced bearing assembly,55.9,Tech-489
2025-02-10T10:01:00,RM-002,RM-F005,Motor insulation degradation,high,Replaced filter cartridge,20.0,Tech-561
2025-02-10T22:12:00,LF-001,LF-F004,Roof water leak,critical,Performed emergency repair,42.8,Tech-950
2025-02-10T23:02:00,RM-002,RM-F001,Main motor bearing failure,critical,Recalibrated sensors,1.8,Tech-179
2025-02-14T17:32:00,LF-001,LF-F004,Roof water leak,critical,Realigned coupling assembly,30.4,Tech-137
2025-02-16T11:02:00,RM-002,RM-F007,Coolant nozzle blockage,low,Recalibrated sensors,4.2,Tech-675
2025-02-16T22:18:00,RM-003,RM-F003,Roll surface spalling,high,Replaced cooling element,9.6,Tech-530
2025-02-18T23:10:00,RM-003,RM-F003,Roll surface spalling,high,Conducted hot repair of refractory,66.2,Tech-737
2025-02-19T14:36:00,BF-002,BF-F003,Burden hanging,high,Cleaned and flushed system,71.3,Tech-331
2025-02-19T21:32:00,RM-001,RM-F002,Gear coupling misalignment,high,Realigned coupling assembly,55.5,Tech-806
2025-02-20T15:30:00,BOF-002,BOF-F002,Lance tip erosion,high,Cleaned and flushed system,62.3,Tech-160
2025-02-22T03:08:00,RM-001,RM-F006,AGC calibration drift,low,Replaced damaged component,68.2,Tech-411
2025-02-22T05:49:00,BF-001,BF-F003,Burden hanging,high,Adjusted operating parameters,55.3,Tech-846
2025-02-22T21:31:00,BF-002,BF-F007,Dust catcher overflow,low,Adjusted operating parameters,45.8,Tech-347
2025-02-24T13:52:00,CC-001,CC-F005,Tundish nozzle erosion,medium,Tightened connections and re-sealed,5.8,Tech-424
2025-02-28T10:59:00,BF-002,BF-F003,Burden hanging,high,Applied weld overlay repair,36.8,Tech-940
2025-02-28T12:28:00,LF-001,LF-F003,Porous plug blockage,medium,Performed emergency repair,45.8,Tech-887
2025-02-28T13:21:00,BOF-002,BOF-F001,Refractory hot spot,critical,Replaced cooling element,33.8,Tech-163
2025-03-01T23:06:00,CC-001,CC-F004,Roll misalignment,medium,Replaced bearing assembly,31.0,Tech-781
2025-03-02T05:42:00,RM-002,RM-F002,Gear coupling misalignment,high,Replaced filter cartridge,6.6,Tech-469
2025-03-02T19:38:00,BOF-002,BOF-F001,Refractory hot spot,critical,Applied weld overlay repair,44.7,Tech-894
2025-03-05T07:20:00,BF-001,BF-F005,Gas leak at top seal,medium,Cleaned and flushed system,30.3,Tech-837
2025-03-05T18:47:00,RM-002,RM-F006,AGC calibration drift,low,Realigned coupling assembly,11.5,Tech-524
2025-03-06T11:34:00,BOF-001,BOF-F004,Slopping event,medium,Replaced filter cartridge,12.9,Tech-582
2025-03-08T10:17:00,BOF-001,BOF-F006,Hood duct damage,low,Adjusted operating parameters,15.9,Tech-881
2025-03-10T17:24:00,CC-001,CC-F006,Spray nozzle blockage,low,Cleaned and flushed system,18.2,Tech-454
2025-03-12T05:44:00,RM-001,RM-F004,Hydraulic oil contamination,medium,Conducted hot repair of refractory,25.6,Tech-143
2025-03-12T17:28:00,LF-001,LF-F005,Hydraulic roof lift failure,medium,Adjusted operating parameters,53.7,Tech-586
2025-03-13T16:20:00,LF-001,LF-F004,Roof water leak,critical,Performed emergency repair,29.2,Tech-197
2025-03-13T17:31:00,BOF-001,BOF-F006,Hood duct damage,low,Replaced damaged component,70.0,Tech-758
2025-03-14T05:39:00,RM-002,RM-F007,Coolant nozzle blockage,low,Adjusted operating parameters,56.6,Tech-933
2025-03-15T08:33:00,BF-001,BF-F003,Burden hanging,high,Performed emergency repair,19.3,Tech-690
2025-03-15T18:25:00,RM-002,RM-F005,Motor insulation degradation,high,Realigned coupling assembly,46.3,Tech-396
2025-03-16T03:00:00,RM-002,RM-F007,Coolant nozzle blockage,low,Performed emergency repair,19.0,Tech-622
2025-03-16T05:06:00,BF-001,BF-F005,Gas leak at top seal,medium,Performed emergency repair,38.0,Tech-346
2025-03-18T03:47:00,BF-002,BF-F001,Tuyere burnout,critical,Realigned coupling assembly,27.1,Tech-233
2025-03-19T23:25:00,BOF-001,BOF-F005,Tap hole blockage,medium,Conducted hot repair of refractory,2.6,Tech-799
2025-03-20T11:46:00,BF-001,BF-F001,Tuyere burnout,critical,Applied weld overlay repair,22.9,Tech-720
2025-03-21T08:40:00,RM-002,RM-F005,Motor insulation degradation,high,Applied weld overlay repair,68.3,Tech-176
2025-03-23T03:15:00,RM-002,RM-F001,Main motor bearing failure,critical,Recalibrated sensors,42.6,Tech-636
2025-03-24T01:08:00,BOF-001,BOF-F005,Tap hole blockage,medium,Performed emergency repair,17.4,Tech-760
2025-03-24T01:26:00,LF-001,LF-F002,Ladle refractory failure,critical,Replaced bearing assembly,48.9,Tech-343
2025-03-24T14:33:00,BOF-002,BOF-F006,Hood duct damage,low,Replaced cooling element,44.1,Tech-472
2025-03-28T14:43:00,RM-002,RM-F004,Hydraulic oil contamination,medium,Cleaned and flushed system,37.0,Tech-912
2025-03-28T17:45:00,BOF-001,BOF-F006,Hood duct damage,low,Recalibrated sensors,40.6,Tech-214
2025-03-29T06:05:00,BOF-001,BOF-F004,Slopping event,medium,Performed emergency repair,10.5,Tech-226
2025-03-29T21:27:00,BF-002,BF-F003,Burden hanging,high,Conducted hot repair of refractory,43.9,Tech-524
2025-03-30T02:36:00,RM-002,RM-F003,Roll surface spalling,high,Adjusted operating parameters,38.4,Tech-507
2025-03-30T05:44:00,LF-002,LF-F001,Electrode breakage,high,Applied temporary fix; permanent repair scheduled,65.1,Tech-147
2025-03-31T02:51:00,BOF-001,BOF-F006,Hood duct damage,low,Replaced filter cartridge,69.7,Tech-427
2025-03-31T07:54:00,BOF-002,BOF-F004,Slopping event,medium,Replaced bearing assembly,7.6,Tech-802
2025-04-02T16:45:00,BF-002,BF-F005,Gas leak at top seal,medium,Replaced bearing assembly,6.1,Tech-677
2025-04-04T18:17:00,RM-003,RM-F002,Gear coupling misalignment,high,Applied weld overlay repair,62.7,Tech-877
2025-04-04T21:59:00,LF-001,LF-F005,Hydraulic roof lift failure,medium,Tightened connections and re-sealed,46.5,Tech-739
2025-04-05T14:43:00,LF-002,LF-F001,Electrode breakage,high,Replaced cooling element,25.1,Tech-999
2025-04-05T18:27:00,LF-001,LF-F002,Ladle refractory failure,critical,Recalibrated sensors,0.8,Tech-319
2025-04-06T14:19:00,CC-002,CC-F004,Roll misalignment,medium,Tightened connections and re-sealed,71.3,Tech-412
2025-04-08T08:14:00,RM-002,RM-F003,Roll surface spalling,high,Performed emergency repair,68.0,Tech-239
2025-04-10T23:38:00,CC-001,CC-F002,Mold sticking detected,high,Replaced bearing assembly,30.2,Tech-662
2025-04-13T19:11:00,RM-002,RM-F003,Roll surface spalling,high,Replaced filter cartridge,51.0,Tech-404
2025-04-15T00:07:00,BF-002,BF-F006,Charging system malfunction,medium,Adjusted operating parameters,32.1,Tech-100
2025-04-15T22:09:00,RM-003,RM-F003,Roll surface spalling,high,Recalibrated sensors,13.1,Tech-634
2025-04-17T05:03:00,RM-003,RM-F002,Gear coupling misalignment,high,Applied temporary fix; permanent repair scheduled,27.6,Tech-316
2025-04-17T22:13:00,BF-001,BF-F006,Charging system malfunction,medium,Conducted hot repair of refractory,57.5,Tech-951
2025-04-18T21:51:00,BF-001,BF-F005,Gas leak at top seal,medium,Applied temporary fix; permanent repair scheduled,52.2,Tech-505
2025-04-20T06:21:00,RM-003,RM-F004,Hydraulic oil contamination,medium,Tightened connections and re-sealed,10.8,Tech-982
2025-04-25T06:23:00,RM-001,RM-F007,Coolant nozzle blockage,low,Replaced filter cartridge,68.2,Tech-551
2025-04-25T10:58:00,CC-001,CC-F001,Breakout event,critical,Cleaned and flushed system,27.0,Tech-523
2025-04-25T14:39:00,BOF-001,BOF-F006,Hood duct damage,low,Replaced damaged component,65.3,Tech-119
2025-04-26T07:12:00,BF-001,BF-F007,Dust catcher overflow,low,Conducted hot repair of refractory,25.5,Tech-940
2025-04-29T07:54:00,RM-003,RM-F002,Gear coupling misalignment,high,Cleaned and flushed system,22.0,Tech-824
2025-05-01T00:23:00,LF-001,LF-F003,Porous plug blockage,medium,Replaced bearing assembly,48.7,Tech-526
2025-05-02T20:45:00,CC-002,CC-F002,Mold sticking detected,high,Conducted hot repair of refractory,32.5,Tech-117
2025-05-03T00:22:00,LF-001,LF-F004,Roof water leak,critical,Applied temporary fix; permanent repair scheduled,54.4,Tech-973
2025-05-03T10:59:00,BOF-001,BOF-F002,Lance tip erosion,high,Cleaned and flushed system,1.0,Tech-492
2025-05-04T03:52:00,RM-001,RM-F007,Coolant nozzle blockage,low,Performed emergency repair,29.2,Tech-175
2025-05-05T06:12:00,LF-002,LF-F003,Porous plug blockage,medium,Replaced cooling element,19.9,Tech-675
2025-05-05T06:55:00,CC-002,CC-F002,Mold sticking detected,high,Replaced bearing assembly,22.2,Tech-115
2025-05-05T20:11:00,LF-002,LF-F004,Roof water leak,critical,Applied weld overlay repair,10.1,Tech-833
2025-05-06T11:35:00,CC-001,CC-F003,SEN clogging,high,Applied weld overlay repair,52.1,Tech-394
2025-05-09T21:31:00,LF-001,LF-F005,Hydraulic roof lift failure,medium,Replaced damaged component,1.0,Tech-664
2025-05-10T11:21:00,CC-001,CC-F005,Tundish nozzle erosion,medium,Replaced cooling element,55.0,Tech-486
2025-05-10T14:27:00,LF-002,LF-F003,Porous plug blockage,medium,Realigned coupling assembly,42.9,Tech-430
2025-05-11T10:57:00,BOF-001,BOF-F005,Tap hole blockage,medium,Replaced filter cartridge,55.0,Tech-147
2025-05-13T04:12:00,RM-003,RM-F006,AGC calibration drift,low,Applied temporary fix; permanent repair scheduled,16.1,Tech-159
2025-05-13T16:42:00,LF-002,LF-F005,Hydraulic roof lift failure,medium,Applied temporary fix; permanent repair scheduled,3.7,Tech-504
2025-05-14T17:02:00,RM-002,RM-F006,AGC calibration drift,low,Tightened connections and re-sealed,5.4,Tech-746
2025-05-15T08:57:00,RM-001,RM-F005,Motor insulation degradation,high,Replaced damaged component,7.1,Tech-533
2025-05-16T19:26:00,LF-002,LF-F001,Electrode breakage,high,Applied temporary fix; permanent repair scheduled,2.8,Tech-479
2025-05-17T06:07:00,LF-001,LF-F003,Porous plug blockage,medium,Adjusted operating parameters,61.5,Tech-562
2025-05-18T02:30:00,RM-003,RM-F006,AGC calibration drift,low,Replaced bearing assembly,29.7,Tech-428
2025-05-20T00:23:00,BOF-001,BOF-F002,Lance tip erosion,high,Replaced cooling element,41.4,Tech-578
2025-05-23T14:32:00,LF-002,LF-F001,Electrode breakage,high,Replaced bearing assembly,4.5,Tech-979
2025-05-23T22:31:00,RM-002,RM-F002,Gear coupling misalignment,high,Replaced bearing assembly,66.6,Tech-631
2025-05-24T18:09:00,LF-001,LF-F002,Ladle refractory failure,critical,Cleaned and flushed system,33.5,Tech-360
2025-05-26T12:56:00,RM-002,RM-F002,Gear coupling misalignment,high,Replaced filter cartridge,33.3,Tech-371
2025-05-26T13:41:00,BOF-001,BOF-F001,Refractory hot spot,critical,Applied weld overlay repair,24.2,Tech-978
2025-05-28T19:58:00,BOF-002,BOF-F004,Slopping event,medium,Conducted hot repair of refractory,62.9,Tech-853
2025-05-30T07:39:00,BF-002,BF-F004,Hearth erosion detected,critical,Replaced damaged component,52.5,Tech-987
2025-06-01T06:36:00,BF-002,BF-F001,Tuyere burnout,critical,Replaced cooling element,11.2,Tech-435
2025-06-01T20:31:00,RM-003,RM-F005,Motor insulation degradation,high,Recalibrated sensors,49.5,Tech-525
2025-06-03T12:29:00,BF-002,BF-F005,Gas leak at top seal,medium,Tightened connections and re-sealed,40.1,Tech-910
2025-06-03T16:35:00,BF-002,BF-F005,Gas leak at top seal,medium,Replaced damaged component,28.4,Tech-581
2025-06-03T19:12:00,LF-002,LF-F003,Porous plug blockage,medium,Adjusted operating parameters,27.2,Tech-265
2025-06-07T03:36:00,LF-001,LF-F004,Roof water leak,critical,Performed emergency repair,19.7,Tech-656
2025-06-08T03:22:00,RM-001,RM-F002,Gear coupling misalignment,high,Recalibrated sensors,8.4,Tech-794
2025-06-08T13:06:00,CC-002,CC-F005,Tundish nozzle erosion,medium,Replaced damaged component,6.9,Tech-667
2025-06-10T00:42:00,RM-003,RM-F007,Coolant nozzle blockage,low,Replaced cooling element,33.5,Tech-155
2025-06-11T04:20:00,BOF-001,BOF-F005,Tap hole blockage,medium,Tightened connections and re-sealed,23.3,Tech-502
2025-06-11T12:52:00,RM-002,RM-F003,Roll surface spalling,high,Replaced cooling element,34.3,Tech-137
2025-06-11T23:17:00,BF-002,BF-F004,Hearth erosion detected,critical,Realigned coupling assembly,67.4,Tech-477
2025-06-12T01:25:00,BOF-001,BOF-F002,Lance tip erosion,high,Performed emergency repair,63.2,Tech-986
2025-06-12T03:18:00,CC-002,CC-F001,Breakout event,critical,Performed emergency repair,55.1,Tech-379
2025-06-13T06:05:00,CC-002,CC-F001,Breakout event,critical,Cleaned and flushed system,52.0,Tech-600
2025-06-15T09:54:00,BOF-002,BOF-F003,Trunnion bearing overheating,high,Performed emergency repair,18.4,Tech-750
2025-06-15T20:28:00,BOF-001,BOF-F004,Slopping event,medium,Applied temporary fix; permanent repair scheduled,13.5,Tech-699
2025-06-20T15:56:00,RM-001,RM-F004,Hydraulic oil contamination,medium,Adjusted operating parameters,61.4,Tech-579
2025-06-21T10:44:00,LF-002,LF-F004,Roof water leak,critical,Recalibrated sensors,29.7,Tech-407
2025-06-23T01:42:00,CC-002,CC-F006,Spray nozzle blockage,low,Replaced bearing assembly,63.2,Tech-732
2025-06-23T08:52:00,BOF-002,BOF-F005,Tap hole blockage,medium,Replaced bearing assembly,19.6,Tech-506
2025-06-24T19:27:00,BOF-001,BOF-F003,Trunnion bearing overheating,high,Cleaned and flushed system,66.9,Tech-873
2025-06-25T08:35:00,LF-001,LF-F004,Roof water leak,critical,Replaced damaged component,49.1,Tech-217
2025-06-27T11:27:00,RM-002,RM-F004,Hydraulic oil contamination,medium,Realigned coupling assembly,39.9,Tech-460
2025-06-27T17:38:00,CC-001,CC-F006,Spray nozzle blockage,low,Replaced bearing assembly,68.4,Tech-553
2025-06-29T04:08:00,CC-001,CC-F001,Breakout event,critical,Replaced filter cartridge,34.5,Tech-662
2025-06-29T22:14:00,BOF-001,BOF-F004,Slopping event,medium,Replaced cooling element,40.4,Tech-784
